ag,au,pb
5.1563328813414415,44.13163593636364,10.17268710771107
8.437250750365493,32.380985771654956,9.574923645477947
11.841981713010682,19.77678757319102,7.612322661398414
